[no platformId、accountId、gold or gold is NaN]: {"status":"fulfilled","value":{"rid":"1314260007364","v":{"updateTime":"1701323448"}}}
[no platformId、accountId、gold or gold is NaN]: {"status":"fulfilled","value":{"rid":"1314260007289","v":{"updateTime":"1701323448"}}}
[account too log]: {"status":"fulfilled","value":{"rid":"214748367448","v":{"lineCode":"","gold":"100000","lang":"","accountId":"60000_STSTSTSTSTSTSTSTSTSTSTSTSTSTSTSTSTSTSTSTSTSTSTSTSTSTSTSTSTSTSTSTSTSTSTSTSTSTSTSTSTSTSTSTSTSTSTSTSTSTSTSTSTSTSTSTSTSTSTSTSTSTSTSTSTSTSTSTSTSTSTSTSTSTSTSTSTSTSTSTSTSTSTSTSTSTSTSTSTSTSTSTSTSTSTSTSTSTSTSTSTSTSTSTSTSTSTSTSTSTSTSTSTSTSTSTSTSTSTSTSTSTSTSTSTSTSTSTSTSTSTSTSTSTSTSTSTSTSTSTSTSTSTSTSTSTSTSTSTSTSTSTSTSTSTSTSTSTSTSTSTSTSTSTSTSTSTSTSTSTSTSTSTSTSTST","sex":"0","platformFlag":"0","platformId":"60000","name":"60000_STSTSTSTSTSTSTSTSTSTSTSTSTSTSTSTSTSTSTSTSTSTSTSTSTSTSTSTSTSTSTSTSTSTSTSTSTSTSTSTSTSTSTSTSTSTSTSTSTSTSTSTSTSTSTSTSTSTSTSTSTSTSTSTSTSTSTSTSTSTSTSTSTSTSTSTSTSTSTSTSTSTSTSTSTSTSTSTSTSTSTSTSTSTSTSTSTSTSTSTSTSTSTSTSTSTSTSTSTSTSTSTSTSTSTSTSTSTSTSTSTSTSTSTSTSTSTSTSTSTSTSTSTSTSTSTSTSTSTSTSTSTSTSTSTSTSTSTSTSTSTSTSTSTSTSTSTSTSTSTSTSTSTSTSTSTSTSTSTSTSTSTSTSTSTST","icon":"5"}}}
[no platformId、accountId、gold or gold is NaN]: {"status":"fulfilled","value":{"rid":"1314260007790","v":{"updateTime":"1700549748"}}}
[no platformId、accountId、gold or gold is NaN]: {"status":"fulfilled","value":{"rid":"214748364841","v":{"platformFlag":"0","gold":"0","name":"","platformId":"60000","lineCode":"linecode1","sex":"1","icon":"3","regIp":"127.0.0.1","lang":"zh-CN","accountId":""}}}
[no platformId、accountId、gold or gold is NaN]: {"status":"fulfilled","value":{"rid":"214748367351","v":{"name":"user#2551","sex":"0","lineCode":"lco4","platformId":"60090","accountId":"a515e80191fc342844aa21c2adbf5fac"}}}
[no platformId、accountId、gold or gold is NaN]: {"status":"fulfilled","value":{"rid":"2413771634728","v":{"updateTime":"1701323047"}}}
[no platformId、accountId、gold or gold is NaN]: {"status":"fulfilled","value":{"rid":"2413771634725","v":{"updateTime":"1701323047"}}}
[no platformId、accountId、gold or gold is NaN]: {"status":"fulfilled","value":{"rid":"1314260007785","v":{"updateTime":"1700549628"}}}
[no platformId、accountId、gold or gold is NaN]: {"status":"fulfilled","value":{"rid":"1314260007828","v":{"updateTime":"1700549748"}}}
[no platformId、accountId、gold or gold is NaN]: {"status":"fulfilled","value":{"rid":"1314260007364","v":{"updateTime":"1701323448"}}}
[no platformId、accountId、gold or gold is NaN]: {"status":"fulfilled","value":{"rid":"1314260007289","v":{"updateTime":"1701323448"}}}
[account too log]: {"status":"fulfilled","value":{"rid":"214748367448","v":{"lineCode":"","gold":"100000","lang":"","accountId":"60000_STSTSTSTSTSTSTSTSTSTSTSTSTSTSTSTSTSTSTSTSTSTSTSTSTSTSTSTSTSTSTSTSTSTSTSTSTSTSTSTSTSTSTSTSTSTSTSTSTSTSTSTSTSTSTSTSTSTSTSTSTSTSTSTSTSTSTSTSTSTSTSTSTSTSTSTSTSTSTSTSTSTSTSTSTSTSTSTSTSTSTSTSTSTSTSTSTSTSTSTSTSTSTSTSTSTSTSTSTSTSTSTSTSTSTSTSTSTSTSTSTSTSTSTSTSTSTSTSTSTSTSTSTSTSTSTSTSTSTSTSTSTSTSTSTSTSTSTSTSTSTSTSTSTSTSTSTSTSTSTSTSTSTSTSTSTSTSTSTSTSTSTSTSTSTST","sex":"0","platformFlag":"0","platformId":"60000","name":"60000_STSTSTSTSTSTSTSTSTSTSTSTSTSTSTSTSTSTSTSTSTSTSTSTSTSTSTSTSTSTSTSTSTSTSTSTSTSTSTSTSTSTSTSTSTSTSTSTSTSTSTSTSTSTSTSTSTSTSTSTSTSTSTSTSTSTSTSTSTSTSTSTSTSTSTSTSTSTSTSTSTSTSTSTSTSTSTSTSTSTSTSTSTSTSTSTSTSTSTSTSTSTSTSTSTSTSTSTSTSTSTSTSTSTSTSTSTSTSTSTSTSTSTSTSTSTSTSTSTSTSTSTSTSTSTSTSTSTSTSTSTSTSTSTSTSTSTSTSTSTSTSTSTSTSTSTSTSTSTSTSTSTSTSTSTSTSTSTSTSTSTSTSTSTSTST","icon":"5"}}}
[no platformId、accountId、gold or gold is NaN]: {"status":"fulfilled","value":{"rid":"1314260007790","v":{"updateTime":"1700549748"}}}
[no platformId、accountId、gold or gold is NaN]: {"status":"fulfilled","value":{"rid":"214748364841","v":{"platformFlag":"0","gold":"0","name":"","platformId":"60000","lineCode":"linecode1","sex":"1","icon":"3","regIp":"127.0.0.1","lang":"zh-CN","accountId":""}}}
[no platformId、accountId、gold or gold is NaN]: {"status":"fulfilled","value":{"rid":"214748367351","v":{"name":"user#2551","sex":"0","lineCode":"lco4","platformId":"60090","accountId":"a515e80191fc342844aa21c2adbf5fac"}}}
[no platformId、accountId、gold or gold is NaN]: {"status":"fulfilled","value":{"rid":"2413771634728","v":{"updateTime":"1701323047"}}}
[no platformId、accountId、gold or gold is NaN]: {"status":"fulfilled","value":{"rid":"2413771634725","v":{"updateTime":"1701323047"}}}
[no platformId、accountId、gold or gold is NaN]: {"status":"fulfilled","value":{"rid":"1314260007785","v":{"updateTime":"1700549628"}}}
[no platformId、accountId、gold or gold is NaN]: {"status":"fulfilled","value":{"rid":"1314260007828","v":{"updateTime":"1700549748"}}}
[no platformId、accountId、gold or gold is NaN]: {"status":"fulfilled","value":{"rid":"1314260007364","v":{"updateTime":"1701323448"}}}
[no platformId、accountId、gold or gold is NaN]: {"status":"fulfilled","value":{"rid":"1314260007289","v":{"updateTime":"1701323448"}}}
[account too log]: {"status":"fulfilled","value":{"rid":"214748367448","v":{"lineCode":"","gold":"100000","lang":"","accountId":"60000_STSTSTSTSTSTSTSTSTSTSTSTSTSTSTSTSTSTSTSTSTSTSTSTSTSTSTSTSTSTSTSTSTSTSTSTSTSTSTSTSTSTSTSTSTSTSTSTSTSTSTSTSTSTSTSTSTSTSTSTSTSTSTSTSTSTSTSTSTSTSTSTSTSTSTSTSTSTSTSTSTSTSTSTSTSTSTSTSTSTSTSTSTSTSTSTSTSTSTSTSTSTSTSTSTSTSTSTSTSTSTSTSTSTSTSTSTSTSTSTSTSTSTSTSTSTSTSTSTSTSTSTSTSTSTSTSTSTSTSTSTSTSTSTSTSTSTSTSTSTSTSTSTSTSTSTSTSTSTSTSTSTSTSTSTSTSTSTSTSTSTSTSTSTSTST","sex":"0","platformFlag":"0","platformId":"60000","name":"60000_STSTSTSTSTSTSTSTSTSTSTSTSTSTSTSTSTSTSTSTSTSTSTSTSTSTSTSTSTSTSTSTSTSTSTSTSTSTSTSTSTSTSTSTSTSTSTSTSTSTSTSTSTSTSTSTSTSTSTSTSTSTSTSTSTSTSTSTSTSTSTSTSTSTSTSTSTSTSTSTSTSTSTSTSTSTSTSTSTSTSTSTSTSTSTSTSTSTSTSTSTSTSTSTSTSTSTSTSTSTSTSTSTSTSTSTSTSTSTSTSTSTSTSTSTSTSTSTSTSTSTSTSTSTSTSTSTSTSTSTSTSTSTSTSTSTSTSTSTSTSTSTSTSTSTSTSTSTSTSTSTSTSTSTSTSTSTSTSTSTSTSTSTSTSTST","icon":"5"}}}
[no platformId、accountId、gold or gold is NaN]: {"status":"fulfilled","value":{"rid":"1314260007790","v":{"updateTime":"1700549748"}}}
[no platformId、accountId、gold or gold is NaN]: {"status":"fulfilled","value":{"rid":"214748364841","v":{"platformFlag":"0","gold":"0","name":"","platformId":"60000","lineCode":"linecode1","sex":"1","icon":"3","regIp":"127.0.0.1","lang":"zh-CN","accountId":""}}}
[no platformId、accountId、gold or gold is NaN]: {"status":"fulfilled","value":{"rid":"214748367351","v":{"name":"user#2551","sex":"0","lineCode":"lco4","platformId":"60090","accountId":"a515e80191fc342844aa21c2adbf5fac"}}}
[no platformId、accountId、gold or gold is NaN]: {"status":"fulfilled","value":{"rid":"2413771634728","v":{"updateTime":"1701323047"}}}
[no platformId、accountId、gold or gold is NaN]: {"status":"fulfilled","value":{"rid":"2413771634725","v":{"updateTime":"1701323047"}}}
[no platformId、accountId、gold or gold is NaN]: {"status":"fulfilled","value":{"rid":"1314260007785","v":{"updateTime":"1700549628"}}}
[no platformId、accountId、gold or gold is NaN]: {"status":"fulfilled","value":{"rid":"1314260007828","v":{"updateTime":"1700549748"}}}
